{"cameraMode":{"drawMode":0,"name":"Shaded","section":"Shading Mode"},"sceneLighting":false,"audioPlay":false,"sceneViewState":{"showFog":false,"showMaterialUpdate":false,"showSkybox":false,"showFlares":false,"showImageEffects":false,"showParticleSystems":false,"showVisualEffectGraphs":true,"m_FxEnabled":true},"in2DMode":false,"pivot":{"x":-0.005815417040139437,"y":0.5926357507705689,"z":-3.4393579959869386},"rotation":{"x":0.03515218198299408,"y":0.9642990231513977,"z":-0.20551234483718873,"w":0.1643170416355133},"size":0.6398070454597473,"orthographic":false}