{"cameraMode":{"drawMode":0,"name":"Shaded","section":"Shading Mode"},"sceneLighting":false,"audioPlay":false,"sceneViewState":{"showFog":false,"showMaterialUpdate":false,"showSkybox":false,"showFlares":false,"showImageEffects":false,"showParticleSystems":false,"showVisualEffectGraphs":true,"m_FxEnabled":true},"in2DMode":false,"pivot":{"x":1.043081283569336e-7,"y":0.14843720197677613,"z":0.016189783811569215},"rotation":{"x":0.02677421271800995,"y":-0.6736575365066528,"z":0.024070221930742265,"w":0.7384447455406189},"size":0.4080584943294525,"orthographic":false}