{"cameraMode":{"drawMode":0,"name":"Shaded","section":"Shading Mode"},"sceneLighting":false,"audioPlay":false,"sceneViewState":{"showFog":false,"showMaterialUpdate":false,"showSkybox":false,"showFlares":false,"showImageEffects":false,"showParticleSystems":false,"showVisualEffectGraphs":true,"m_FxEnabled":true},"in2DMode":false,"pivot":{"x":-1.9371509552001954e-7,"y":0.11287913471460343,"z":-0.0016103088855743409},"rotation":{"x":0.02677421271800995,"y":-0.6736575365066528,"z":0.024070221930742265,"w":0.7384447455406189},"size":0.3659828007221222,"orthographic":false}