{"cameraMode":{"drawMode":0,"name":"Shaded","section":"Shading Mode"},"sceneLighting":true,"audioPlay":false,"sceneViewState":{"showFog":false,"showMaterialUpdate":false,"showSkybox":false,"showFlares":false,"showImageEffects":false,"showParticleSystems":false},"in2DMode":false,"pivot":{"x":-1.2133961915969849,"y":1.0952491760253907,"z":2.755910634994507},"rotation":{"x":0.16372092068195344,"y":-0.26879045367240908,"z":0.0464153029024601,"w":0.9480761885643005},"size":5.297736644744873,"orthographic":false}