{"cameraMode":{"drawMode":0,"name":"Shaded","section":"Shading Mode"},"sceneLighting":false,"audioPlay":false,"sceneViewState":{"showFog":false,"showMaterialUpdate":false,"showSkybox":false,"showFlares":false,"showImageEffects":false,"showParticleSystems":false},"in2DMode":false,"pivot":{"x":0.596000075340271,"y":0.3799999952316284,"z":-3.9549999237060549},"rotation":{"x":0.23234869539737702,"y":-0.5988737344741821,"z":0.18722420930862428,"w":0.7432133555412293},"size":3.010967493057251,"orthographic":false}