{"cameraMode":{"drawMode":0,"name":"Shaded","section":"Shading Mode"},"sceneLighting":false,"audioPlay":false,"sceneViewState":{"showFog":false,"showMaterialUpdate":false,"showSkybox":false,"showFlares":false,"showImageEffects":false,"showParticleSystems":false,"showVisualEffectGraphs":true,"m_FxEnabled":true},"in2DMode":false,"pivot":{"x":-0.07348224520683289,"y":0.1842210590839386,"z":0.8042089343070984},"rotation":{"x":-0.19556833803653718,"y":0.5303521156311035,"z":-0.12728317081928254,"w":-0.8150898814201355},"size":0.14664007723331452,"orthographic":false}