{"cameraMode":{"drawMode":0,"name":"Shaded","section":"Shading Mode"},"sceneLighting":false,"audioPlay":false,"sceneViewState":{"showFog":false,"showMaterialUpdate":false,"showSkybox":false,"showFlares":false,"showImageEffects":false,"showParticleSystems":false,"showVisualEffectGraphs":true,"m_FxEnabled":true},"in2DMode":false,"pivot":{"x":-0.40960195660591128,"y":0.24869149923324586,"z":0.9903061389923096},"rotation":{"x":-0.02075432427227497,"y":-0.6954231262207031,"z":0.01953999698162079,"w":-0.7182192206382752},"size":0.030536595731973649,"orthographic":false}